# STRING v12 network among the 45 atlas genes, fetched 2026-10-04 from
# https://string-db.org/api/tsv-no-header/network?species=9606&required_score=400&identifiers=<45 atlas genes>
# Kept: rows with experimental score >= 0.15 or curated-database score > 0 (text-mining / co-expression-only links dropped).
# Columns: gene_a gene_b combined_score experimental_score database_score   (STRING "GBA" = GBA1)
gene_a	gene_b	combined	experimental	database
STX1B	NSF	0.697	0.428	0
STX1B	SYT2	0.931	0.487	0
STX1B	SYT1	0.952	0.487	0
STX1B	CPLX1	0.963	0	0.9
STX1B	STX1A	0.99	0	0.9
STX1B	STXBP1	0.996	0.598	0.9
STX1B	SNAP25	0.997	0.46	0.9
STX1B	VAMP2	0.999	0.919	0.9
ARSA	HEXA	0.936	0.062	0.9
ARSA	GLA	0.977	0	0.9
ARSA	GALC	0.987	0	0.9
GLA	GAA	0.94	0	0.9
GLA	HEXA	0.947	0	0.9
GLA	GALC	0.978	0	0.9
STX1A	NSF	0.736	0.428	0
STX1A	UNC13A	0.81	0.505	0
STX1A	SYT2	0.913	0.487	0
STX1A	SLC6A1	0.96	0.918	0
STX1A	SNAP25	0.999	0.999	0.9
STX1A	SYT1	0.999	0.946	0.5
STX1A	CPLX1	0.999	0.973	0.9
STX1A	STXBP1	0.999	0.999	0.9
STX1A	VAMP2	0.999	0.999	0.9
IDUA	IDS	0.985	0.108	0.9
SNAP25	SLC6A1	0.633	0.178	0
SNAP25	UNC13A	0.834	0.454	0
SNAP25	SYT2	0.926	0.717	0
SNAP25	NSF	0.957	0.91	0
SNAP25	STXBP1	0.998	0.93	0.8
SNAP25	SYT1	0.999	0.98	0.5
SNAP25	CPLX1	0.999	0.999	0.9
SNAP25	VAMP2	0.999	0.999	0.8
KRAS	GRIN2B	0.55	0.071	0.5
KRAS	SYNGAP1	0.807	0.066	0.65
KRAS	PTPN11	0.984	0.737	0.5
KRAS	LZTR1	0.993	0.989	0
KRAS	MAP2K1	0.997	0.846	0.9
KRAS	SOS1	0.997	0.847	0.9
KRAS	NF1	0.998	0.857	0.9
KRAS	SHOC2	0.998	0.953	0.9
KRAS	RAF1	0.999	0.999	0.9
KRAS	HRAS	0.999	0.812	0.9
KRAS	BRAF	0.999	0.999	0.9
SYT1	CACNA1A	0.718	0.458	0
SYT1	STXBP1	0.92	0	0.5
SYT1	CPLX1	0.98	0.38	0.5
SYT1	SYT2	0.994	0.824	0.5
SYT1	VAMP2	0.998	0.863	0.8
GALC	SMPD1	0.975	0	0.9
GALC	GBA1	0.98	0	0.9
CBL	BRAF	0.438	0.29	0
CBL	GBA1	0.511	0.458	0
CBL	VAMP2	0.524	0	0.5
CBL	HRAS	0.562	0.459	0
CBL	SOS1	0.972	0.896	0.5
CBL	PTPN11	0.982	0.922	0.5
MAP2K1	PTPN11	0.936	0.512	0.4
MAP2K1	HRAS	0.991	0.526	0.9
MAP2K1	RAF1	0.999	0.999	0.9
MAP2K1	BRAF	0.999	0.999	0.9
SCN1A	CACNA1A	0.523	0.151	0
SCN1A	KCNQ2	0.929	0.056	0.4
SCN1A	SCN8A	0.995	0.078	0.9
SCN1A	SCN2A	0.999	0.8	0.9
CPLX1	SYT2	0.86	0.38	0
CPLX1	STXBP1	0.925	0	0.8
CPLX1	VAMP2	0.999	0.992	0.5
GBA1	SMPD1	0.982	0	0.9
SCN8A	KCNQ2	0.878	0.056	0.4
SCN8A	SCN2A	0.995	0.078	0.9
NF1	SYNGAP1	0.629	0.139	0.4
NF1	LZTR1	0.756	0.457	0
NF1	RAF1	0.774	0.504	0
NF1	SOS1	0.779	0.275	0
NF1	PTPN11	0.866	0.15	0
NF1	BRAF	0.928	0.174	0
NF1	HRAS	0.998	0.956	0.9
KCNQ2	SCN2A	0.931	0.056	0.4
SYT2	SLC6A1	0.658	0.165	0
SYT2	VAMP2	0.951	0.759	0.5
RIT1	PTPN11	0.545	0.443	0
RIT1	BRAF	0.833	0.589	0.5
RIT1	LZTR1	0.998	0.998	0
SHOC2	LZTR1	0.817	0.457	0
SHOC2	BRAF	0.845	0.068	0.4
SHOC2	RAF1	0.997	0.92	0.9
SHOC2	HRAS	0.999	0.986	0.9
STXBP1	UNC13A	0.788	0.206	0
STXBP1	NSF	0.813	0.39	0
STXBP1	VAMP2	0.988	0.853	0.5
NSF	VAMP2	0.786	0.521	0
SOS1	BRAF	0.852	0.179	0
SOS1	HRAS	0.999	0.999	0.9
SOS1	PTPN11	0.999	0.999	0.9
RAF1	PTPN11	0.752	0.245	0
RAF1	LZTR1	0.847	0.802	0
RAF1	HRAS	0.999	0.999	0.9
RAF1	BRAF	0.999	0.999	0.9
HRAS	GRIN2B	0.577	0.071	0.5
HRAS	SYNGAP1	0.789	0	0.65
HRAS	PTPN11	0.976	0.74	0.5
HRAS	LZTR1	0.989	0.982	0
HRAS	BRAF	0.999	0.999	0.9
VAMP2	UNC13A	0.806	0.454	0
BRAF	LZTR1	0.572	0.183	0
BRAF	PTPN11	0.882	0.218	0
UNC13A	CACNA1A	0.535	0.29	0
GRIN2B	CACNA1A	0.5	0.191	0
GRIN2B	PTPN11	0.592	0.466	0
GRIN2B	SCN2A	0.645	0.209	0
GRIN2B	SLC6A1	0.651	0.356	0
GRIN2B	SYNGAP1	0.987	0.9	0
PTPN11	LZTR1	0.615	0.18	0
CACNA1A	SLC6A1	0.432	0.159	0
SCN2A	SYNGAP1	0.62	0.154	0
SCN2A	SLC6A1	0.631	0.336	0
SLC6A1	SYNGAP1	0.627	0.491	0
